residue,aa,plddt,plddt_category,hydropathy19,uniprot_topology_feature,hydrophobic_window_segment
1,M,54.91,low,2.47,,
2,L,58.62,low,2.409,,
3,P,63.03,low,2.358,,
4,L,63.94,low,2.369,,
5,L,60.25,low,2.086,,
6,A,60.91,low,2.2,,
7,A,59.94,low,1.962,,
8,L,57.19,low,1.753,,
9,L,57.56,low,1.889,,
10,A,57.47,low,1.553,,
11,A,58.56,low,1.432,,
12,A,57.41,low,1.211,,
13,C,45.62,very_low,1.389,,
14,P,46.38,very_low,1.284,,
15,L,36.09,very_low,0.9,,
16,P,42.91,very_low,0.9,,
17,P,38.84,very_low,0.721,,
18,V,35.62,very_low,0.5,,
19,R,33.78,very_low,0.5,,
20,G,29.89,very_low,0.605,,
21,G,27.05,very_low,0.489,,
22,A,29.83,very_low,0.616,,
23,A,28.11,very_low,0.4,,
24,D,27.45,very_low,0.442,,
25,A,34.03,very_low,0.058,,
26,P,42.78,very_low,0.237,,
27,G,25.33,very_low,0.279,,
28,L,30.52,very_low,0.279,,
29,L,30.64,very_low,0.332,,
30,G,27.33,very_low,0.447,,
31,V,29.42,very_low,0.426,,
32,P,33.88,very_low,0.289,,
33,S,37.22,very_low,0.289,,
34,N,31.14,very_low,0.289,,
35,A,29.42,very_low,0.011,,
36,S,29.41,very_low,0.011,,
37,V,30.61,very_low,0.268,,
38,N,29.27,very_low,0.163,,
39,A,27.81,very_low,-0.121,,
40,S,27.86,very_low,-0.337,,
41,S,28.03,very_low,-0.358,,
42,A,33.16,very_low,-0.074,,
43,D,30.09,very_low,0.063,,
44,E,25.23,very_low,0.205,,
45,P,34.03,very_low,0.205,,
46,I,28.16,very_low,0.342,,
47,A,34.78,very_low,0.037,,
48,P,45.22,very_low,0.2,,
49,R,32.56,very_low,0.021,,
50,L,28.03,very_low,-0.021,,
51,L,25.97,very_low,-0.163,,
52,A,28.09,very_low,-0.495,,
53,S,27.16,very_low,-0.395,,
54,A,33.94,very_low,-0.232,,
55,A,31.25,very_low,-0.232,,
56,P,32.75,very_low,-0.653,,
57,G,29.94,very_low,-0.932,,
58,P,36.88,very_low,-0.753,,
59,P,42.41,very_low,-0.421,,
60,E,32.62,very_low,-0.526,,
61,R,35.12,very_low,-0.632,,
62,P,35.69,very_low,-0.632,,
63,G,31.19,very_low,-0.495,,
64,P,52.19,low,-0.674,,
65,E,42.47,very_low,-0.637,,
66,E,39.81,very_low,-0.737,,
67,A,40.19,very_low,-0.479,,
68,A,41.22,very_low,-0.437,,
69,A,39.19,very_low,-0.132,,
70,A,40.34,very_low,-0.132,,
71,A,42.44,very_low,-0.132,,
72,A,43.72,very_low,-0.232,,
73,P,54.12,low,-0.111,,
74,C,67.44,low,0.174,,
75,N,79.19,confident,0.316,,
76,I,84.44,confident,0.458,,
77,S,85.0,confident,0.563,,
78,V,88.56,confident,0.668,,
79,Q,85.0,confident,0.795,,
80,R,84.5,confident,0.463,,
81,Q,78.56,confident,0.321,,
82,M,75.0,confident,0.205,,
83,L,74.75,confident,0.053,,
84,S,79.25,confident,-0.163,,
85,S,83.88,confident,-0.216,,
86,L,87.06,confident,-0.474,,
87,L,87.5,confident,-0.284,,
88,V,89.06,confident,-0.689,,
89,R,87.5,confident,-0.374,,
90,W,86.0,confident,-0.321,,
91,G,73.5,confident,0.063,,
92,R,65.81,low,0.163,,
93,P,59.28,low,0.163,,
94,R,57.41,low,0.353,,
95,G,57.72,low,0.353,,
96,F,66.81,low,0.116,,
97,Q,79.25,confident,-0.268,,
98,C,84.38,confident,-0.395,,
99,D,86.25,confident,-0.326,,
100,L,88.62,confident,-0.3,,
101,L,90.69,very_high,-0.516,,
102,L,91.44,very_high,-0.184,,
103,F,90.06,very_high,0.047,,
104,S,87.06,confident,0.432,,
105,T,83.5,confident,0.547,,
106,N,78.31,confident,0.495,,
107,A,74.94,confident,0.774,,
108,H,75.62,confident,0.789,,
109,G,74.81,confident,0.805,,
110,R,79.62,confident,0.368,,
111,A,79.5,confident,0.389,,
112,F,83.94,confident,0.168,,
113,F,86.38,confident,-0.063,,
114,A,88.88,confident,-0.105,,
115,A,90.0,very_high,0.132,,
116,A,91.06,very_high,0.516,,
117,F,88.38,confident,0.658,,
118,H,86.25,confident,0.642,,
119,R,83.31,confident,0.495,,
120,V,85.94,confident,0.932,,
121,G,83.75,confident,0.816,,
122,P,82.19,confident,0.868,,
123,P,85.38,confident,0.816,,
124,L,87.38,confident,0.816,,
125,L,89.62,confident,0.7,,
126,I,87.31,confident,0.584,,
127,E,85.25,confident,0.532,,
128,H,80.62,confident,0.516,,
129,L,79.88,confident,0.568,,
130,G,74.25,confident,0.163,,
131,L,70.75,confident,0.384,,
132,A,67.5,low,0.232,,
133,A,63.19,low,0.516,,
134,G,63.03,low,0.447,,
135,G,61.28,low,0.468,,
136,A,64.12,low,0.211,,
137,Q,71.69,confident,0.526,,
138,Q,81.62,confident,0.674,,
139,D,85.88,confident,0.426,,
140,L,88.19,confident,0.668,,
141,R,89.69,confident,0.232,,
142,L,90.12,very_high,0.116,,
143,C,91.25,very_high,-0.216,,
144,V,88.94,confident,-0.432,,
145,G,85.38,confident,-0.447,,
146,C,78.81,confident,-0.563,,
147,G,68.38,low,-0.616,,
148,W,57.47,low,-0.232,,
149,V,55.38,low,-0.284,,
150,R,50.41,low,-0.568,,
151,G,46.22,very_low,-0.237,,
152,R,47.0,very_low,-0.342,,
153,R,42.56,very_low,-0.379,,
154,T,44.88,very_low,-0.684,,
155,G,39.31,very_low,-0.705,,
156,R,37.19,very_low,-0.742,,
157,L,37.94,very_low,-0.626,,
158,R,36.53,very_low,-0.484,,
159,P,39.72,very_low,-0.611,,
160,A,32.75,very_low,-0.411,,
161,A,32.06,very_low,-0.295,,
162,A,32.59,very_low,-0.079,,
163,P,41.81,very_low,0.253,,
164,S,34.69,very_low,0.205,,
165,A,33.88,very_low,0.189,,
166,A,31.72,very_low,0.521,,
167,A,32.44,very_low,0.521,,
168,A,32.78,very_low,0.674,,
169,T,27.45,very_low,0.853,,
170,A,30.98,very_low,0.689,,
171,G,30.77,very_low,0.511,,
172,A,32.12,very_low,0.511,,
173,P,45.09,very_low,0.689,,
174,T,32.16,very_low,0.547,,
175,A,38.25,very_low,0.368,,
176,L,31.78,very_low,0.189,,
177,P,43.25,very_low,0.074,,
178,A,37.91,very_low,-0.105,,
179,Y,31.09,very_low,0.132,,
180,P,44.47,very_low,-0.011,,
181,A,42.75,very_low,0.211,,
182,A,44.38,very_low,-0.068,,
183,E,39.66,very_low,-0.005,,
184,P,42.62,very_low,-0.153,,
185,P,48.03,very_low,-0.332,,
186,G,46.59,very_low,-0.332,,
187,P,49.31,very_low,-0.416,,
188,L,51.88,low,-0.363,,
189,W,56.38,low,-0.163,,
190,L,49.44,very_low,0.053,,
191,Q,50.22,low,0.158,,
192,G,50.0,low,-0.121,,
193,E,51.59,low,0.211,,
194,P,52.78,low,0.253,,
195,L,59.91,low,0.537,,
196,H,69.19,low,0.374,,
197,F,82.88,confident,0.274,,
198,C,86.75,confident,0.274,,
199,C,90.62,very_high,0.137,,
200,L,87.88,confident,-0.084,,
201,D,89.81,confident,-0.084,,
202,F,86.5,confident,-0.147,,
203,S,84.56,confident,0.016,,
204,L,76.5,confident,0.053,,
205,E,76.81,confident,-0.384,,
206,E,73.69,confident,-0.016,,
207,L,70.12,confident,-0.347,,
208,Q,63.94,low,-0.716,,
209,G,55.31,low,-1.053,,
210,E,52.56,low,-1.337,,
211,P,50.97,low,-0.916,,
212,G,51.5,low,-1.247,,
213,W,45.47,very_low,-1.247,,
214,R,47.91,very_low,-1.484,,
215,L,50.25,low,-1.1,,
216,N,46.22,very_low,-0.695,,
217,R,54.75,low,-0.8,,
218,K,52.28,low,-0.484,,
219,P,65.94,low,-0.316,,
220,I,67.06,low,-0.032,,
221,E,74.0,confident,0.016,,
222,S,78.56,confident,0.237,,
223,T,79.12,confident,0.505,,
224,L,84.5,confident,0.979,,
225,V,89.06,confident,1.0,,
226,A,85.88,confident,1.405,,
227,C,88.69,confident,1.595,,
228,F,93.88,very_high,1.758,,KD_hydrophobic_1
229,M,92.19,very_high,2.063,,KD_hydrophobic_1
230,T,92.62,very_high,1.921,,KD_hydrophobic_1
231,L,94.31,very_high,2.2,UniProt_Transmembrane_1,KD_hydrophobic_1
232,V,95.44,very_high,2.442,UniProt_Transmembrane_1,KD_hydrophobic_1
233,I,91.12,very_high,2.716,UniProt_Transmembrane_1,KD_hydrophobic_1
234,V,93.38,very_high,2.468,UniProt_Transmembrane_1,KD_hydrophobic_1
235,V,94.38,very_high,2.163,UniProt_Transmembrane_1,KD_hydrophobic_1
236,W,94.38,very_high,2.289,UniProt_Transmembrane_1,KD_hydrophobic_1
237,S,91.88,very_high,2.074,UniProt_Transmembrane_1,KD_hydrophobic_1
238,V,91.0,very_high,2.163,UniProt_Transmembrane_1,KD_hydrophobic_1
239,A,86.69,confident,2.3,UniProt_Transmembrane_1,KD_hydrophobic_1
240,A,81.94,confident,2.432,UniProt_Transmembrane_1,KD_hydrophobic_1
241,L,80.88,confident,2.211,UniProt_Transmembrane_1,KD_hydrophobic_1
242,I,81.38,confident,2.137,UniProt_Transmembrane_1,KD_hydrophobic_1
243,W,69.44,low,2.1,UniProt_Transmembrane_1,KD_hydrophobic_1
244,P,60.91,low,1.795,UniProt_Transmembrane_1,KD_hydrophobic_1
245,V,62.72,low,1.389,UniProt_Transmembrane_1,
246,P,55.34,low,1.416,UniProt_Transmembrane_1,
247,I,56.78,low,1.558,UniProt_Transmembrane_1,
248,I,54.5,low,1.153,UniProt_Transmembrane_1,
249,A,51.47,low,0.874,UniProt_Transmembrane_1,
250,G,56.88,low,0.542,UniProt_Transmembrane_1,
251,F,53.84,low,0.105,UniProt_Transmembrane_1,
252,L,47.34,very_low,-0.168,,
253,P,48.31,very_low,-0.158,,
254,N,47.0,very_low,0.021,,
255,G,49.06,very_low,-0.242,,
256,M,48.75,very_low,-0.195,,
257,E,51.38,low,-0.468,,
258,Q,53.56,low,-0.611,,
259,R,49.81,very_low,-0.611,,
260,R,52.34,low,-0.626,,
261,T,42.78,very_low,-0.858,,
262,T,36.28,very_low,-0.963,,
263,A,38.25,very_low,-0.784,,
264,S,35.62,very_low,-0.379,,
265,T,37.66,very_low,-0.442,,
266,T,37.56,very_low,-0.447,,
267,A,33.69,very_low,-0.284,,
268,A,34.22,very_low,-0.137,,
269,T,32.25,very_low,0.063,,
270,P,38.59,very_low,0.395,,
271,A,35.72,very_low,0.526,,
272,A,37.09,very_low,0.658,,
273,V,36.91,very_low,0.658,UniProt_Transmembrane_2,
274,P,39.75,very_low,0.795,UniProt_Transmembrane_2,
275,A,40.34,very_low,0.926,UniProt_Transmembrane_2,
276,G,32.06,very_low,1.058,UniProt_Transmembrane_2,
277,T,38.25,very_low,1.058,UniProt_Transmembrane_2,
278,T,41.19,very_low,1.058,UniProt_Transmembrane_2,
279,A,44.62,very_low,1.189,UniProt_Transmembrane_2,
280,A,44.06,very_low,1.368,UniProt_Transmembrane_2,
281,A,45.03,very_low,1.368,UniProt_Transmembrane_2,
282,A,46.78,very_low,1.368,UniProt_Transmembrane_2,
283,A,46.0,very_low,1.242,UniProt_Transmembrane_2,
284,A,46.38,very_low,1.547,UniProt_Transmembrane_2,
285,A,48.5,very_low,1.416,UniProt_Transmembrane_2,
286,A,46.16,very_low,1.395,UniProt_Transmembrane_2,
287,A,46.06,very_low,1.411,UniProt_Transmembrane_2,
288,A,48.81,very_low,1.668,UniProt_Transmembrane_2,
289,A,48.53,very_low,1.668,UniProt_Transmembrane_2,
290,A,45.84,very_low,1.537,UniProt_Transmembrane_2,
291,A,47.16,very_low,1.237,UniProt_Transmembrane_2,
292,A,46.44,very_low,1.206,UniProt_Transmembrane_2,
293,V,44.31,very_low,1.171,UniProt_Transmembrane_2,
294,T,45.19,very_low,1.131,,
295,S,41.31,very_low,1.087,,
296,G,37.5,very_low,1.036,,
297,V,39.16,very_low,0.977,,
298,A,39.5,very_low,0.908,,
299,T,38.72,very_low,0.827,,
300,K,43.28,very_low,0.73,,
