document,line_number,category,severity,term,status,excerpt,recommendation
README.md,178,wet_lab_performed,high,IHC,boundary_statement,"transmembrane-protein candidate with public antibody/IHC context, but does",No text change required if the negating boundary remains clear.
README.md,181,immune_suppression,medium,T-cell exhaustion,acceptable_boundary_context,"T-cell exhaustion, Treg, or suppressive myeloid claims after FDR correction.",No text change required if the negating boundary remains clear.
README.md,342,direct_spatial_or_lr,medium,ligand-receptor causality,acceptable_boundary_context,"This layer ranks POSTN/FN1/collagen-integrin and MIF-CXCR4 candidates for defined-partner co-modelling and orthogonal assays only. It does not prove ligand-receptor causality, receptor activation, TMEM158 binding or physical CAF-to-epithelial communication.",No text change required if the negating boundary remains clear.
07_manuscript/manuscript.md,11,clinical_prognosis,high,prognostic biomarker,acceptable_boundary_context,"Calcium homeostasis, unfolded protein response (UPR) branch activity and stromal remodelling are incompletely integrated in oesophageal squamous cell carcinoma (ESCC). We performed an axis-first public-data analysis to identify upstream candidates associated with a Ca2/UPR stress ecology. TMEM158 emerged as a computational entry point, rather than as a standalone prognostic biomarker. We defined TAC_high as the co-oc",No text change required if the negating boundary remains clear.
07_manuscript/manuscript.md,21,causal_driver,high,causal,acceptable_boundary_context,"Public expression compendia provide an opportunity to test whether such ecology-level states are reproducible across independent ESCC cohorts. In preliminary candidate screening, an earlier SMIM14-centred model did not support a strong causal, prognostic or treatment-resistance interpretation. We therefore rebuilt the analysis around a Ca2/UPR axis-first strategy. This screen selected TMEM158 as the lead computationa",No text change required if the negating boundary remains clear.
07_manuscript/manuscript.md,23,causal_driver,high,causal,acceptable_boundary_context,"Here, we asked whether TMEM158 marks a reproducible Ca2/UPR-CAF ecology state in ESCC. We deliberately avoided framing TMEM158 as a validated causal driver. Instead, we tested tumour-normal expression, Ca2/UPR branch coupling, CAF ecology, rule-defined TAC_high reproducibility, single-cell immune/stromal boundaries, TCGA multi-omics context and public protein/topology support.",No text change required if the negating boundary remains clear.
07_manuscript/manuscript.md,23,causal_driver,high,driver,acceptable_boundary_context,"Here, we asked whether TMEM158 marks a reproducible Ca2/UPR-CAF ecology state in ESCC. We deliberately avoided framing TMEM158 as a validated causal driver. Instead, we tested tumour-normal expression, Ca2/UPR branch coupling, CAF ecology, rule-defined TAC_high reproducibility, single-cell immune/stromal boundaries, TCGA multi-omics context and public protein/topology support.",No text change required if the negating boundary remains clear.
07_manuscript/manuscript.md,23,validated_mechanism,high,validated causal driver,acceptable_boundary_context,"Here, we asked whether TMEM158 marks a reproducible Ca2/UPR-CAF ecology state in ESCC. We deliberately avoided framing TMEM158 as a validated causal driver. Instead, we tested tumour-normal expression, Ca2/UPR branch coupling, CAF ecology, rule-defined TAC_high reproducibility, single-cell immune/stromal boundaries, TCGA multi-omics context and public protein/topology support.",No text change required if the negating boundary remains clear.
07_manuscript/manuscript.md,49,validated_mechanism,high,validated clinical-survival subtype,acceptable_boundary_context,"We further tested whether the TAC_high signal exceeded random state assignment within each cohort. Cohort-preserving permutation analysis showed the strongest specificity for drug-efflux transcriptional readout (weighted median delta=0.543, empirical two-sided P=0.00350, empirical FDR=0.0105). Proteostasis showed a positive but not FDR-confirmed specificity trend (delta=0.349, empirical two-sided P=0.0815, empirical ",No text change required if the negating boundary remains clear.
07_manuscript/manuscript.md,57,validated_mechanism,high,validated drug-resistance or survival subtype,acceptable_boundary_context,"We then modelled the interaction between core-high and CAF-high status to ask whether TAC_high exceeded the additive components of axis-high and CAF-high states. This interaction model was testable in three cohorts. It did not identify individual genes at FDR<0.10, so it should not be interpreted as a single-gene synergy signature. However, pathway-level analysis showed positive enrichment for translation, oxidative ",No text change required if the negating boundary remains clear.
07_manuscript/manuscript.md,79,immune_suppression,medium,T-cell exhaustion,acceptable_boundary_context,"In GSE160269 single-cell pseudo-bulk data, rule-defined TAC_high could be mapped across 60 matched tumour samples (TAC_high=14, Axis_only=16, CAF_only=16, TAC_low=14). However, TAC_high was not accompanied by robust immune-suppression signals after FDR correction. Treg score, suppressive-myeloid score, inflammatory-myeloid score, T-cell exhaustion score and T-cell cytotoxicity score all had FDR=0.938. Thus, TAC_high ",No text change required if the negating boundary remains clear.
07_manuscript/manuscript.md,79,immune_suppression,medium,T-cell exhaustion,acceptable_boundary_context,"In GSE160269 single-cell pseudo-bulk data, rule-defined TAC_high could be mapped across 60 matched tumour samples (TAC_high=14, Axis_only=16, CAF_only=16, TAC_low=14). However, TAC_high was not accompanied by robust immune-suppression signals after FDR correction. Treg score, suppressive-myeloid score, inflammatory-myeloid score, T-cell exhaustion score and T-cell cytotoxicity score all had FDR=0.938. Thus, TAC_high ",No text change required if the negating boundary remains clear.
07_manuscript/manuscript.md,87,direct_spatial_or_lr,medium,direct spatial validation,acceptable_boundary_context,"We next added a public spatial progression source-data calibration layer from a Nature Communications 2023 ESCC spatial whole-transcriptome study. The public Source Data did not contain the complete WTA expression matrix, so TMEM158, Ca2/UPR and TAC_high could not be directly rescored in spatial ROIs. However, the published DSP and IF source tables supported a fibroblast-rich progression context: DSP fibroblast abund",No text change required if the negating boundary remains clear.
07_manuscript/manuscript.md,89,wet_lab_performed,high,IHC,boundary_statement,"Official public protein/context resources supported TMEM158 as a measurable membrane-protein candidate. UniProt annotated TMEM158 as reviewed accession Q8WZ71, Transmembrane protein 158, 300 amino acids, with membrane and multi-pass membrane protein annotations. QuickGO/UniProt cellular-component evidence was limited to membrane (GO:0016020). HPA mapped TMEM158 to ENSG00000249992, classified it as a predicted membran",No text change required if the negating boundary remains clear.
07_manuscript/manuscript.md,95,clinical_prognosis,high,prognostic biomarker,acceptable_boundary_context,"This study identifies TAC_high as a reproducible, rule-defined ESCC ecology state linking TMEM158, Ca2/PERK-core activity and CAF context to proteostasis and cell-survival transcriptional readouts. The main biological finding is not that TMEM158 alone is a prognostic biomarker. Nor do these data show that TMEM158 directly activates Ca2/UPR signalling. Rather, TMEM158 provides a computational entry point into a broade",No text change required if the negating boundary remains clear.
07_manuscript/manuscript.md,109,causal_driver,high,causal,acceptable_boundary_context,"These boundaries are important for manuscript positioning. The study supports a public-data biological discovery hypothesis for a pure bioinformatics paper focused on stress-state ecology. It does not support treatment recommendations, causal pathway claims or clinical biomarker implementation. Future experimental work should test whether perturbing TMEM158 changes Ca2 dynamics, SOCE, PERK/IRE1/ATF6 branch proteins, ",No text change required if the negating boundary remains clear.
07_manuscript/manuscript.md,127,causal_driver,high,causal,acceptable_boundary_context,"The project was rebuilt from an axis-first regulator screen after the original SMIM14-core model failed to support strong causal or prognostic claims. Candidate scoring integrated TCGA axis-CAF discovery, GSE45670 validation, GSE160269 epithelial and CAF pseudo-bulk evidence, DepMap ESCC expression context, public proteogenomics coverage and PubMed novelty gates. TMEM158 was selected as the lead computational candida",No text change required if the negating boundary remains clear.
07_manuscript/manuscript.md,159,immune_suppression,medium,T-cell exhaustion,acceptable_boundary_context,"GSE160269 pseudo-bulk scores were used to map rule-defined TAC_high states and test immune-context differences. Treg, suppressive-myeloid, inflammatory-myeloid, T-cell exhaustion and T-cell cytotoxicity scores were compared between TAC_high and all other rule-defined states with FDR correction.",No text change required if the negating boundary remains clear.
07_manuscript/manuscript.md,165,causal_driver,high,causal,acceptable_boundary_context,"To generate a bridge hypothesis without claiming causal cell-cell communication, we curated CAF-to-epithelial ligand-receptor pairs across ECM-integrin, laminin-integrin, TGF-beta/activin, IL6-family, chemokine, MIF/SPP1, growth-factor and developmental axes. Ligands were quantified in fibroblast pseudo-bulk profiles and receptors in epithelial pseudo-bulk profiles from raw GSE160269 matrices. For each pair, a ligand",No text change required if the negating boundary remains clear.
07_manuscript/manuscript.md,213,immune_suppression,medium,T-cell exhaustion,acceptable_boundary_context,"**Figure 6. Single-cell and public protein boundary context.** GSE160269 pseudo-bulk data map TAC_high but do not support robust T-cell exhaustion or suppressive-myeloid enrichment. UniProt/QuickGO/HPA support TMEM158 membrane-protein plausibility and public antibody context, without direct ER localization or ESCC protein validation.",No text change required if the negating boundary remains clear.
07_manuscript/manuscript_scientific_reports.md,11,clinical_prognosis,high,prognostic biomarker,acceptable_boundary_context,"Calcium homeostasis, unfolded protein response (UPR) branch activity and stromal remodelling are incompletely integrated in oesophageal squamous cell carcinoma (ESCC). We performed an axis-first public-data analysis to identify upstream candidates associated with a Ca2/UPR stress ecology. TMEM158 emerged as a computational entry point, rather than as a standalone prognostic biomarker. We defined TAC_high as the co-oc",No text change required if the negating boundary remains clear.
07_manuscript/manuscript_scientific_reports.md,21,causal_driver,high,causal,acceptable_boundary_context,"Public expression compendia provide an opportunity to test whether such ecology-level states are reproducible across independent ESCC cohorts. In preliminary candidate screening, an earlier SMIM14-centred model did not support a strong causal, prognostic or treatment-resistance interpretation. We therefore rebuilt the analysis around a Ca2/UPR axis-first strategy. This screen selected TMEM158 as the lead computationa",No text change required if the negating boundary remains clear.
07_manuscript/manuscript_scientific_reports.md,23,causal_driver,high,causal,acceptable_boundary_context,"Here, we asked whether TMEM158 marks a reproducible Ca2/UPR-CAF ecology state in ESCC. We deliberately avoided framing TMEM158 as a validated causal driver. Instead, we tested tumour-normal expression, Ca2/UPR branch coupling, CAF ecology, rule-defined TAC_high reproducibility, single-cell immune/stromal boundaries, TCGA multi-omics context and public protein/topology support.",No text change required if the negating boundary remains clear.
07_manuscript/manuscript_scientific_reports.md,23,causal_driver,high,driver,acceptable_boundary_context,"Here, we asked whether TMEM158 marks a reproducible Ca2/UPR-CAF ecology state in ESCC. We deliberately avoided framing TMEM158 as a validated causal driver. Instead, we tested tumour-normal expression, Ca2/UPR branch coupling, CAF ecology, rule-defined TAC_high reproducibility, single-cell immune/stromal boundaries, TCGA multi-omics context and public protein/topology support.",No text change required if the negating boundary remains clear.
07_manuscript/manuscript_scientific_reports.md,23,validated_mechanism,high,validated causal driver,acceptable_boundary_context,"Here, we asked whether TMEM158 marks a reproducible Ca2/UPR-CAF ecology state in ESCC. We deliberately avoided framing TMEM158 as a validated causal driver. Instead, we tested tumour-normal expression, Ca2/UPR branch coupling, CAF ecology, rule-defined TAC_high reproducibility, single-cell immune/stromal boundaries, TCGA multi-omics context and public protein/topology support.",No text change required if the negating boundary remains clear.
07_manuscript/manuscript_scientific_reports.md,49,validated_mechanism,high,validated clinical-survival subtype,acceptable_boundary_context,"We further tested whether the TAC_high signal exceeded random state assignment within each cohort. Cohort-preserving permutation analysis showed the strongest specificity for drug-efflux transcriptional readout (weighted median delta=0.543, empirical two-sided P=0.00350, empirical FDR=0.0105). Proteostasis showed a positive but not FDR-confirmed specificity trend (delta=0.349, empirical two-sided P=0.0815, empirical ",No text change required if the negating boundary remains clear.
07_manuscript/manuscript_scientific_reports.md,57,validated_mechanism,high,validated drug-resistance or survival subtype,acceptable_boundary_context,"We then modelled the interaction between core-high and CAF-high status to ask whether TAC_high exceeded the additive components of axis-high and CAF-high states. This interaction model was testable in three cohorts. It did not identify individual genes at FDR<0.10, so it should not be interpreted as a single-gene synergy signature. However, pathway-level analysis showed positive enrichment for translation, oxidative ",No text change required if the negating boundary remains clear.
07_manuscript/manuscript_scientific_reports.md,79,immune_suppression,medium,T-cell exhaustion,acceptable_boundary_context,"In GSE160269 single-cell pseudo-bulk data, rule-defined TAC_high could be mapped across 60 matched tumour samples (TAC_high=14, Axis_only=16, CAF_only=16, TAC_low=14). However, TAC_high was not accompanied by robust immune-suppression signals after FDR correction. Treg score, suppressive-myeloid score, inflammatory-myeloid score, T-cell exhaustion score and T-cell cytotoxicity score all had FDR=0.938. Thus, TAC_high ",No text change required if the negating boundary remains clear.
07_manuscript/manuscript_scientific_reports.md,79,immune_suppression,medium,T-cell exhaustion,acceptable_boundary_context,"In GSE160269 single-cell pseudo-bulk data, rule-defined TAC_high could be mapped across 60 matched tumour samples (TAC_high=14, Axis_only=16, CAF_only=16, TAC_low=14). However, TAC_high was not accompanied by robust immune-suppression signals after FDR correction. Treg score, suppressive-myeloid score, inflammatory-myeloid score, T-cell exhaustion score and T-cell cytotoxicity score all had FDR=0.938. Thus, TAC_high ",No text change required if the negating boundary remains clear.
07_manuscript/manuscript_scientific_reports.md,87,direct_spatial_or_lr,medium,direct spatial validation,acceptable_boundary_context,"We next added a public spatial progression source-data calibration layer from a Nature Communications 2023 ESCC spatial whole-transcriptome study [21]. The public Source Data did not contain the complete WTA expression matrix, so TMEM158, Ca2/UPR and TAC_high could not be directly rescored in spatial ROIs. However, the published DSP and IF source tables supported a fibroblast-rich progression context: DSP fibroblast ",No text change required if the negating boundary remains clear.
07_manuscript/manuscript_scientific_reports.md,89,wet_lab_performed,high,IHC,boundary_statement,"Official public protein/context resources supported TMEM158 as a measurable membrane-protein candidate [22-24]. UniProt annotated TMEM158 as reviewed accession Q8WZ71, Transmembrane protein 158, 300 amino acids, with membrane and multi-pass membrane protein annotations. QuickGO/UniProt cellular-component evidence was limited to membrane (GO:0016020). HPA mapped TMEM158 to ENSG00000249992, classified it as a predicted",No text change required if the negating boundary remains clear.
07_manuscript/manuscript_scientific_reports.md,95,clinical_prognosis,high,prognostic biomarker,acceptable_boundary_context,"This study identifies TAC_high as a reproducible, rule-defined ESCC ecology state linking TMEM158, Ca2/PERK-core activity and CAF context to proteostasis and cell-survival transcriptional readouts. The main biological finding is not that TMEM158 alone is a prognostic biomarker. Nor do these data show that TMEM158 directly activates Ca2/UPR signalling. Rather, TMEM158 provides a computational entry point into a broade",No text change required if the negating boundary remains clear.
07_manuscript/manuscript_scientific_reports.md,109,causal_driver,high,causal,acceptable_boundary_context,"These boundaries are important for manuscript positioning. The study supports a public-data biological discovery hypothesis for a pure bioinformatics paper focused on stress-state ecology. It does not support treatment recommendations, causal pathway claims or clinical biomarker implementation. Future experimental work should test whether perturbing TMEM158 changes Ca2 dynamics, SOCE, PERK/IRE1/ATF6 branch proteins, ",No text change required if the negating boundary remains clear.
07_manuscript/manuscript_scientific_reports.md,127,causal_driver,high,causal,acceptable_boundary_context,"The project was rebuilt from an axis-first regulator screen after the original SMIM14-core model failed to support strong causal or prognostic claims. Candidate scoring integrated TCGA axis-CAF discovery, GSE45670 validation, GSE160269 epithelial and CAF pseudo-bulk evidence, DepMap ESCC expression context, public proteogenomics coverage and PubMed novelty gates. TMEM158 was selected as the lead computational candida",No text change required if the negating boundary remains clear.
07_manuscript/manuscript_scientific_reports.md,159,immune_suppression,medium,T-cell exhaustion,acceptable_boundary_context,"GSE160269 pseudo-bulk scores were used to map rule-defined TAC_high states and test immune-context differences. Treg, suppressive-myeloid, inflammatory-myeloid, T-cell exhaustion and T-cell cytotoxicity scores were compared between TAC_high and all other rule-defined states with FDR correction.",No text change required if the negating boundary remains clear.
07_manuscript/manuscript_scientific_reports.md,165,causal_driver,high,causal,acceptable_boundary_context,"To generate a bridge hypothesis without claiming causal cell-cell communication, we curated CAF-to-epithelial ligand-receptor pairs across ECM-integrin, laminin-integrin, TGF-beta/activin, IL6-family, chemokine, MIF/SPP1, growth-factor and developmental axes. Ligands were quantified in fibroblast pseudo-bulk profiles and receptors in epithelial pseudo-bulk profiles from raw GSE160269 matrices. For each pair, a ligand",No text change required if the negating boundary remains clear.
07_manuscript/manuscript_scientific_reports.md,213,immune_suppression,medium,T-cell exhaustion,acceptable_boundary_context,"**Figure 6. Single-cell and public protein boundary context.** GSE160269 pseudo-bulk data map TAC_high but do not support robust T-cell exhaustion or suppressive-myeloid enrichment. UniProt/QuickGO/HPA support TMEM158 membrane-protein plausibility and public antibody context, without direct ER localization or ESCC protein validation.",No text change required if the negating boundary remains clear.
07_manuscript/submission_package.md,5,immune_suppression,medium,T-cell exhaustion,acceptable_boundary_context,本分支不再把 TMEM158 写成单基因预后标志或已验证驱动因子，而是把论文中心放在 `TAC_high` 规则型应激生态状态：TMEM158-high、Ca2/PERK-core-high 与 CAF-high 共同出现。该状态在 4 个 bulk 队列均可定义，并与 proteostasis score 和 cell-survival transcriptional score 呈跨队列复现关联。全转录组 meta 显示 TAC_high-vs-other 主要是 ECM/CAF/EMT 程序，核心基因包括 POSTN、COL6A3、COL1A2、TMEM158 和 FAP；core-high x CAF-high 交互项没有单基因 FDR 阳性，但 pathway 层支持 translation、OXPHOS、MYC targets、N-linked glycosylation 和膜蛋白共翻译靶向。新增 CAF-adjus,No text change required if the negating boundary remains clear.
07_manuscript/submission_package.md,76,causal_driver,high,causal,acceptable_boundary_context,- TMEM158 is not claimed as a validated causal driver.,No text change required if the negating boundary remains clear.
07_manuscript/submission_package.md,76,causal_driver,high,driver,acceptable_boundary_context,- TMEM158 is not claimed as a validated causal driver.,No text change required if the negating boundary remains clear.
07_manuscript/submission_package.md,76,validated_mechanism,high,validated causal driver,acceptable_boundary_context,- TMEM158 is not claimed as a validated causal driver.,No text change required if the negating boundary remains clear.
07_manuscript/submission_package.md,78,immune_suppression,medium,T-cell exhaustion,acceptable_boundary_context,- TAC_high is not claimed to drive T-cell exhaustion or myeloid immune suppression.,No text change required if the negating boundary remains clear.
07_manuscript/submission_package.md,84,wet_lab_performed,high,IHC,boundary_statement,"- Public protein context is not claimed as new IHC, IF, ER-localization or ESCC protein validation.",No text change required if the negating boundary remains clear.
07_manuscript/submission_package.md,98,direct_spatial_or_lr,medium,ligand-receptor causality,acceptable_boundary_context,"- Figure19-Figure20 strengthen independent single-cell context through GSE221561, but this dataset has partial raw-library recovery and only six matched tumour libraries for bridge context. Do not write it as definitive validation, therapy-response proof or ligand-receptor causality.",No text change required if the negating boundary remains clear.
07_manuscript/submission_package.md,99,direct_spatial_or_lr,medium,direct spatial validation,acceptable_boundary_context,"- Figure21 adds a public spatial-progression context layer, but it uses graph-level Source Data rather than the complete WTA matrix. Do not write it as direct spatial validation of TMEM158, TAC_high, Ca2/UPR activation or ligand-receptor causality.",No text change required if the negating boundary remains clear.
07_manuscript/submission_package.md,99,direct_spatial_or_lr,medium,ligand-receptor causality,acceptable_boundary_context,"- Figure21 adds a public spatial-progression context layer, but it uses graph-level Source Data rather than the complete WTA matrix. Do not write it as direct spatial validation of TMEM158, TAC_high, Ca2/UPR activation or ligand-receptor causality.",No text change required if the negating boundary remains clear.
07_manuscript/supplementary_information_scientific_reports.md,9,causal_driver,high,causal,acceptable_boundary_context,"This study used only publicly available datasets and did not involve newly collected human specimens, animal experiments, or wet-lab experiments. All supplementary results should be interpreted as public-data associations and computational prioritization, not as causal or clinical validation.",No text change required if the negating boundary remains clear.
07_manuscript/supplementary_information_scientific_reports.md,19,clinical_prognosis,high,clinical subtype,acceptable_boundary_context,"`TAC_high` was treated as a rule-defined ecology state combining TMEM158, Ca2/PERK branch-state and CAF context. It was used as a transparent public-data state, not as an unsupervised clinical subtype or validated prognostic classifier.",No text change required if the negating boundary remains clear.
07_manuscript/supplementary_information_scientific_reports.md,27,direct_spatial_or_lr,medium,ligand-receptor causality,acceptable_boundary_context,"GSE53625 targeted probe-sequence reannotation was used as an external clinical calibration layer. GSE160269 and GSE221561 pseudo-bulk single-cell analyses were used to localize TAC_high signatures and evaluate candidate CAF-to-epithelial bridges. These layers do not prove ligand-receptor causality, spatial adjacency or therapy response.",No text change required if the negating boundary remains clear.
07_manuscript/supplementary_information_scientific_reports.md,39,direct_spatial_or_lr,medium,ligand-receptor causality,acceptable_boundary_context,"The TAC_high CAF-to-epithelial ligand-receptor bridge and the TMEM158 protein-topology boundary audit were integrated to prioritize defined-partner modelling and orthogonal validation targets. This layer ranks candidates such as POSTN/FN1/collagen-integrin and MIF-CXCR4 for follow-up, but it does not prove ligand-receptor causality, receptor activation, TMEM158 binding or physical CAF-to-epithelial communication.",No text change required if the negating boundary remains clear.
07_manuscript/supplementary_information_scientific_reports.md,43,causal_driver,high,causal,acceptable_boundary_context,"Prioritized ligand-receptor candidates were further checked against GSE160269 pseudo-bulk compartment-expression summaries. This audit asks whether nominated ligands are measurable in fibroblast/CAF profiles and whether nominated receptors are detectable in epithelial profiles. It is used only as an expression-feasibility sanity check and does not prove spatial contact, protein abundance, receptor activation or causa",No text change required if the negating boundary remains clear.
07_manuscript/supplementary_information_scientific_reports.md,43,direct_spatial_or_lr,medium,causal signalling,acceptable_boundary_context,"Prioritized ligand-receptor candidates were further checked against GSE160269 pseudo-bulk compartment-expression summaries. This audit asks whether nominated ligands are measurable in fibroblast/CAF profiles and whether nominated receptors are detectable in epithelial profiles. It is used only as an expression-feasibility sanity check and does not prove spatial contact, protein abundance, receptor activation or causa",No text change required if the negating boundary remains clear.
07_manuscript/supplementary_information_scientific_reports.md,51,causal_driver,high,driver,acceptable_boundary_context,"**Supplementary Figure S1. Main Figure 1 panel A source.** TMEM158 expression across public ESCC cohorts Source figure: `05_figures/figure1_tmem158_expression_public_cohorts.png`. Source data: `04_results/expression/tmem158_tumor_normal_tests.csv`. Boundary: TMEM158 is a lead computational entry point, not a validated driver or prognostic biomarker.",No text change required if the negating boundary remains clear.
07_manuscript/supplementary_information_scientific_reports.md,51,validated_mechanism,high,validated driver or prognostic biomarker,acceptable_boundary_context,"**Supplementary Figure S1. Main Figure 1 panel A source.** TMEM158 expression across public ESCC cohorts Source figure: `05_figures/figure1_tmem158_expression_public_cohorts.png`. Source data: `04_results/expression/tmem158_tumor_normal_tests.csv`. Boundary: TMEM158 is a lead computational entry point, not a validated driver or prognostic biomarker.",No text change required if the negating boundary remains clear.
07_manuscript/supplementary_information_scientific_reports.md,51,clinical_prognosis,high,prognostic biomarker,acceptable_boundary_context,"**Supplementary Figure S1. Main Figure 1 panel A source.** TMEM158 expression across public ESCC cohorts Source figure: `05_figures/figure1_tmem158_expression_public_cohorts.png`. Source data: `04_results/expression/tmem158_tumor_normal_tests.csv`. Boundary: TMEM158 is a lead computational entry point, not a validated driver or prognostic biomarker.",No text change required if the negating boundary remains clear.
07_manuscript/supplementary_information_scientific_reports.md,53,causal_driver,high,driver,acceptable_boundary_context,"**Supplementary Figure S2. Main Figure 1 panel B source.** TMEM158 coupling with Ca2/UPR and CAF scores Source figure: `05_figures/figure2_tmem158_axis_correlation_heatmap.png`. Source data: `04_results/enrichment/tmem158_axis_correlations_by_dataset.csv`. Boundary: TMEM158 is a lead computational entry point, not a validated driver or prognostic biomarker.",No text change required if the negating boundary remains clear.
07_manuscript/supplementary_information_scientific_reports.md,53,validated_mechanism,high,validated driver or prognostic biomarker,acceptable_boundary_context,"**Supplementary Figure S2. Main Figure 1 panel B source.** TMEM158 coupling with Ca2/UPR and CAF scores Source figure: `05_figures/figure2_tmem158_axis_correlation_heatmap.png`. Source data: `04_results/enrichment/tmem158_axis_correlations_by_dataset.csv`. Boundary: TMEM158 is a lead computational entry point, not a validated driver or prognostic biomarker.",No text change required if the negating boundary remains clear.
07_manuscript/supplementary_information_scientific_reports.md,53,clinical_prognosis,high,prognostic biomarker,acceptable_boundary_context,"**Supplementary Figure S2. Main Figure 1 panel B source.** TMEM158 coupling with Ca2/UPR and CAF scores Source figure: `05_figures/figure2_tmem158_axis_correlation_heatmap.png`. Source data: `04_results/enrichment/tmem158_axis_correlations_by_dataset.csv`. Boundary: TMEM158 is a lead computational entry point, not a validated driver or prognostic biomarker.",No text change required if the negating boundary remains clear.
07_manuscript/supplementary_information_scientific_reports.md,55,causal_driver,high,driver,acceptable_boundary_context,"**Supplementary Figure S3. Main Figure 1 panel C source.** Cross-layer evidence used to nominate TMEM158 Source figure: `05_figures/figure5_tmem158_cross_layer_evidence.png`. Source data: `04_results/validation/tmem158_cross_layer_evidence.csv;06_tables/tmem158_primary_evidence_status.csv`. Boundary: TMEM158 is a lead computational entry point, not a validated driver or prognostic biomarker.",No text change required if the negating boundary remains clear.
07_manuscript/supplementary_information_scientific_reports.md,55,validated_mechanism,high,validated driver or prognostic biomarker,acceptable_boundary_context,"**Supplementary Figure S3. Main Figure 1 panel C source.** Cross-layer evidence used to nominate TMEM158 Source figure: `05_figures/figure5_tmem158_cross_layer_evidence.png`. Source data: `04_results/validation/tmem158_cross_layer_evidence.csv;06_tables/tmem158_primary_evidence_status.csv`. Boundary: TMEM158 is a lead computational entry point, not a validated driver or prognostic biomarker.",No text change required if the negating boundary remains clear.
07_manuscript/supplementary_information_scientific_reports.md,55,clinical_prognosis,high,prognostic biomarker,acceptable_boundary_context,"**Supplementary Figure S3. Main Figure 1 panel C source.** Cross-layer evidence used to nominate TMEM158 Source figure: `05_figures/figure5_tmem158_cross_layer_evidence.png`. Source data: `04_results/validation/tmem158_cross_layer_evidence.csv;06_tables/tmem158_primary_evidence_status.csv`. Boundary: TMEM158 is a lead computational entry point, not a validated driver or prognostic biomarker.",No text change required if the negating boundary remains clear.
07_manuscript/supplementary_information_scientific_reports.md,57,clinical_prognosis,high,clinical subtype,acceptable_boundary_context,"**Supplementary Figure S4. Main Figure 2 panel A source.** Composite ecology-state validation Source figure: `05_figures/figure6_tmem158_ecology_state_validation.png`. Source data: `04_results/validation/tmem158_ecology_state_tests.csv;04_results/validation/tmem158_ecology_state_reproducibility.csv;06_tables/tmem158_ecology_state_key_results.csv`. Boundary: TAC_high is a rule-defined public-data state, not a clinical",No text change required if the negating boundary remains clear.
07_manuscript/supplementary_information_scientific_reports.md,59,clinical_prognosis,high,clinical subtype,acceptable_boundary_context,**Supplementary Figure S5. Main Figure 2 panel B source.** Rule-defined TAC_high states across cohorts Source figure: `05_figures/figure7_rule_tmem158_ecology_subtypes.png`. Source data: `04_results/validation/tmem158_rule_ecology_subtype_counts.csv;04_results/validation/tmem158_rule_ecology_subtype_tests.csv;04_results/validation/tmem158_rule_ecology_subtype_reproducibility.csv`. Boundary: TAC_high is a rule-defined,No text change required if the negating boundary remains clear.
07_manuscript/supplementary_information_scientific_reports.md,61,clinical_prognosis,high,clinical subtype,acceptable_boundary_context,**Supplementary Figure S6. Main Figure 2 panel C source.** Cohort-preserving random-label specificity testing Source figure: `05_figures/figure12_tac_high_state_specificity.png`. Source data: `04_results/validation/tmem158_tac_high_permutation_summary.csv;04_results/validation/tmem158_tac_high_component_specificity_meta.csv;04_results/validation/tmem158_tac_high_component_specificity_tests.csv`. Boundary: TAC_high is,No text change required if the negating boundary remains clear.
07_manuscript/supplementary_information_scientific_reports.md,77,causal_driver,high,causal,acceptable_boundary_context,**Supplementary Figure S14. Main Figure 5 panel A source.** GSE160269 compartment localization of TAC signatures Source figure: `05_figures/figure15_tac_high_scrna_signature_compartments.png`. Source data: `04_results/scrna_signature/tmem158_tac_high_scrna_signature_compartment_tests.csv;04_results/scrna_signature/tmem158_tac_high_scrna_signature_compartment_scores.csv;04_results/scrna_signature/tmem158_tac_high_scrn,No text change required if the negating boundary remains clear.
07_manuscript/supplementary_information_scientific_reports.md,79,causal_driver,high,causal,acceptable_boundary_context,**Supplementary Figure S15. Main Figure 5 panel B source.** Fibroblast TAC signature elevation in TAC_high tumours Source figure: `05_figures/figure16_tac_high_scrna_state_signature_mapping.png`. Source data: `04_results/scrna_signature/tmem158_tac_high_scrna_signature_state_tests.csv;04_results/scrna_signature/tmem158_tac_high_scrna_signature_cross_correlations.csv`. Boundary: Ligand-receptor scores nominate candida,No text change required if the negating boundary remains clear.
07_manuscript/supplementary_information_scientific_reports.md,81,causal_driver,high,causal,acceptable_boundary_context,**Supplementary Figure S16. Main Figure 5 panel C source.** Candidate CAF-to-epithelial ligand-receptor pairs Source figure: `05_figures/figure17_tac_high_caf_epi_lr_bridge.png`. Source data: `04_results/ligand_receptor/tmem158_tac_high_caf_epi_lr_pair_tests.csv;04_results/ligand_receptor/tmem158_tac_high_caf_epi_lr_pair_scores.csv;04_results/ligand_receptor/tmem158_tac_high_caf_epi_lr_pair_catalog.csv`. Boundary: Li,No text change required if the negating boundary remains clear.
07_manuscript/supplementary_information_scientific_reports.md,83,causal_driver,high,causal,acceptable_boundary_context,**Supplementary Figure S17. Main Figure 5 panel D source.** Candidate bridge axis scores Source figure: `05_figures/figure18_tac_high_caf_epi_lr_axis_scores.png`. Source data: `04_results/ligand_receptor/tmem158_tac_high_caf_epi_lr_axis_tests.csv;04_results/ligand_receptor/tmem158_tac_high_caf_epi_lr_axis_scores.csv;04_results/ligand_receptor/tmem158_tac_high_caf_epi_lr_axis_correlations.csv`. Boundary: Ligand-recept,No text change required if the negating boundary remains clear.
07_manuscript/supplementary_information_scientific_reports.md,115,causal_driver,high,causal,acceptable_boundary_context,"- TMEM158 is a lead computational entry point, not a validated causal driver.",No text change required if the negating boundary remains clear.
07_manuscript/supplementary_information_scientific_reports.md,115,causal_driver,high,driver,acceptable_boundary_context,"- TMEM158 is a lead computational entry point, not a validated causal driver.",No text change required if the negating boundary remains clear.
07_manuscript/supplementary_information_scientific_reports.md,115,validated_mechanism,high,validated causal driver,acceptable_boundary_context,"- TMEM158 is a lead computational entry point, not a validated causal driver.",No text change required if the negating boundary remains clear.
07_manuscript/supplementary_information_scientific_reports.md,116,validated_mechanism,high,validated subtype,acceptable_boundary_context,"- TAC_high is a public-data stress-ecology state, not a clinically validated subtype.",No text change required if the negating boundary remains clear.
08_submission_strategy/scientific_reports_cover_letter_draft.md,9,causal_driver,high,causal,acceptable_boundary_context,"We have deliberately framed the study as a public-data, hypothesis-generating biological discovery rather than as a causal mechanism, validated prognostic biomarker or treatment-response model. The manuscript reports negative survival, immune-exhaustion, drug-resistance and protein-localization boundaries where appropriate. All data are publicly available, and the analysis workflow is reproducible from the included p",No text change required if the negating boundary remains clear.
08_submission_strategy/scientific_reports_cover_letter_draft.md,9,validated_mechanism,high,validated prognostic biomarker,acceptable_boundary_context,"We have deliberately framed the study as a public-data, hypothesis-generating biological discovery rather than as a causal mechanism, validated prognostic biomarker or treatment-response model. The manuscript reports negative survival, immune-exhaustion, drug-resistance and protein-localization boundaries where appropriate. All data are publicly available, and the analysis workflow is reproducible from the included p",No text change required if the negating boundary remains clear.
08_submission_strategy/scientific_reports_cover_letter_draft.md,9,clinical_prognosis,high,prognostic biomarker,acceptable_boundary_context,"We have deliberately framed the study as a public-data, hypothesis-generating biological discovery rather than as a causal mechanism, validated prognostic biomarker or treatment-response model. The manuscript reports negative survival, immune-exhaustion, drug-resistance and protein-localization boundaries where appropriate. All data are publicly available, and the analysis workflow is reproducible from the included p",No text change required if the negating boundary remains clear.
08_submission_strategy/target_journal_scientific_reports_strategy.md,50,causal_driver,high,causal,acceptable_boundary_context,"This study uses reproducible public multi-cohort transcriptomics, single-cell pseudo-bulk analysis, targeted external clinical calibration and spatial source-data context to define a TMEM158-associated Ca2/UPR-CAF ecology in ESCC, while explicitly avoiding unsupported causal, prognostic or treatment-response claims.",No text change required if the negating boundary remains clear.
08_submission_strategy/target_journal_scientific_reports_strategy.md,62,causal_driver,high,causal,acceptable_boundary_context,- TMEM158 is a validated causal driver.,No text change required if the negating boundary remains clear.
08_submission_strategy/target_journal_scientific_reports_strategy.md,62,causal_driver,high,driver,acceptable_boundary_context,- TMEM158 is a validated causal driver.,No text change required if the negating boundary remains clear.
08_submission_strategy/target_journal_scientific_reports_strategy.md,62,validated_mechanism,high,validated causal driver,acceptable_boundary_context,- TMEM158 is a validated causal driver.,No text change required if the negating boundary remains clear.
08_submission_strategy/target_journal_scientific_reports_strategy.md,63,validated_mechanism,high,validated clinical prognostic subtype,acceptable_boundary_context,- TAC_high is a validated clinical prognostic subtype.,No text change required if the negating boundary remains clear.
08_submission_strategy/target_journal_scientific_reports_strategy.md,64,causal_driver,high,causes,acceptable_boundary_context,- TAC_high causes immune suppression or CD8 exhaustion.,No text change required if the negating boundary remains clear.
08_submission_strategy/target_journal_scientific_reports_strategy.md,64,immune_suppression,medium,CD8 exhaustion,acceptable_boundary_context,- TAC_high causes immune suppression or CD8 exhaustion.,No text change required if the negating boundary remains clear.
08_submission_strategy/target_journal_scientific_reports_strategy.md,65,therapy_resistance,high,cisplatin resistance,acceptable_boundary_context,- TAC_high proves cisplatin resistance.,No text change required if the negating boundary remains clear.
08_submission_strategy/reviewer_risk_checklist.md,3,causal_driver,high,driver,acceptable_boundary_context,- Do not claim TMEM158 is a validated driver.,No text change required if the negating boundary remains clear.
08_submission_strategy/reviewer_risk_checklist.md,3,validated_mechanism,high,validated driver,acceptable_boundary_context,- Do not claim TMEM158 is a validated driver.,No text change required if the negating boundary remains clear.
08_submission_strategy/reviewer_risk_checklist.md,7,causal_driver,high,driven,acceptable_boundary_context,- Do not upgrade fibroblast/CAF localization into cell-cell causality or TMEM158-driven transcription.,No text change required if the negating boundary remains clear.
08_submission_strategy/zenodo_osf_github_release_readme.md,46,therapy_resistance,high,treatment recommendation,acceptable_boundary_context,"The analysis identifies a TMEM158-associated TAC_high Ca2/UPR-CAF stress-ecology state. It does not demonstrate TMEM158 causality, clinical prognosis, direct immune suppression, spatial activation, ligand-receptor causality, physical interaction, receptor activation, protein-level communication or treatment recommendation.",No text change required if the negating boundary remains clear.
08_submission_strategy/zenodo_osf_github_release_readme.md,46,direct_spatial_or_lr,medium,ligand-receptor causality,acceptable_boundary_context,"The analysis identifies a TMEM158-associated TAC_high Ca2/UPR-CAF stress-ecology state. It does not demonstrate TMEM158 causality, clinical prognosis, direct immune suppression, spatial activation, ligand-receptor causality, physical interaction, receptor activation, protein-level communication or treatment recommendation.",No text change required if the negating boundary remains clear.
08_submission_strategy/final_author_submission_handoff.md,44,clinical_prognosis,high,prognostic biomarker,acceptable_boundary_context,"Calcium homeostasis, unfolded protein response (UPR) branch activity and stromal remodelling are incompletely integrated in oesophageal squamous cell carcinoma (ESCC). We performed an axis-first public-data analysis to identify upstream candidates associated with a Ca2/UPR stress ecology. TMEM158 emerged as a computational entry point, rather than as a standalone prognostic biomarker. We defined TAC_high as the co-oc",No text change required if the negating boundary remains clear.
08_submission_strategy/final_author_submission_handoff.md,116,causal_driver,high,causal,acceptable_boundary_context,"The manuscript does not claim that TMEM158 is a validated causal driver, a clinical prognostic biomarker, a cisplatin-resistance mechanism, a direct immune-suppression mechanism, a directly spatially validated programme or an experimentally validated ESCC protein/ER-localization finding.",No text change required if the negating boundary remains clear.
08_submission_strategy/final_author_submission_handoff.md,116,causal_driver,high,driver,acceptable_boundary_context,"The manuscript does not claim that TMEM158 is a validated causal driver, a clinical prognostic biomarker, a cisplatin-resistance mechanism, a direct immune-suppression mechanism, a directly spatially validated programme or an experimentally validated ESCC protein/ER-localization finding.",No text change required if the negating boundary remains clear.
08_submission_strategy/final_author_submission_handoff.md,116,validated_mechanism,high,"validated causal driver, a clinical prognostic biomarker, a cisplatin-resistance mechanism",acceptable_boundary_context,"The manuscript does not claim that TMEM158 is a validated causal driver, a clinical prognostic biomarker, a cisplatin-resistance mechanism, a direct immune-suppression mechanism, a directly spatially validated programme or an experimentally validated ESCC protein/ER-localization finding.",No text change required if the negating boundary remains clear.
08_submission_strategy/final_author_submission_handoff.md,116,clinical_prognosis,high,prognostic biomarker,acceptable_boundary_context,"The manuscript does not claim that TMEM158 is a validated causal driver, a clinical prognostic biomarker, a cisplatin-resistance mechanism, a direct immune-suppression mechanism, a directly spatially validated programme or an experimentally validated ESCC protein/ER-localization finding.",No text change required if the negating boundary remains clear.
08_submission_strategy/final_author_submission_handoff.md,116,direct_spatial_or_lr,medium,spatially validated,acceptable_boundary_context,"The manuscript does not claim that TMEM158 is a validated causal driver, a clinical prognostic biomarker, a cisplatin-resistance mechanism, a direct immune-suppression mechanism, a directly spatially validated programme or an experimentally validated ESCC protein/ER-localization finding.",No text change required if the negating boundary remains clear.
08_submission_strategy/final_author_submission_handoff.md,164,causal_driver,high,causal,acceptable_boundary_context,"| 4 | final_claim_boundary_read | yes | human_required | Confirm no causal, prognostic, immune-suppression, spatial-validation or treatment-resistance claim was introduced during metadata editing. | After any metadata edits, re-read title, abstract, cover letter and generated preview for overclaim drift. |",No text change required if the negating boundary remains clear.
08_submission_strategy/final_author_submission_handoff.md,176,causal_driver,high,causal,acceptable_boundary_context,- TMEM158 is a validated causal driver.,No text change required if the negating boundary remains clear.
08_submission_strategy/final_author_submission_handoff.md,176,causal_driver,high,driver,acceptable_boundary_context,- TMEM158 is a validated causal driver.,No text change required if the negating boundary remains clear.
08_submission_strategy/final_author_submission_handoff.md,176,validated_mechanism,high,validated causal driver,acceptable_boundary_context,- TMEM158 is a validated causal driver.,No text change required if the negating boundary remains clear.
08_submission_strategy/final_author_submission_handoff.md,177,validated_mechanism,high,validated prognostic subtype,acceptable_boundary_context,- TAC_high is a clinically validated prognostic subtype.,No text change required if the negating boundary remains clear.
08_submission_strategy/final_author_submission_handoff.md,178,immune_suppression,medium,CD8 exhaustion,acceptable_boundary_context,- The study demonstrates direct immune suppression or CD8 exhaustion.,No text change required if the negating boundary remains clear.
08_submission_strategy/final_author_submission_handoff.md,181,validated_mechanism,high,validated as an ESCC protein or ER-localized mechanism,acceptable_boundary_context,- TMEM158 is experimentally validated as an ESCC protein or ER-localized mechanism.,No text change required if the negating boundary remains clear.
combined_public_facing_text,,required_boundary_presence,high,public_data_only_methods,pass,Required manuscript-facing boundary is present.,"Keep this boundary visible in manuscript, cover letter and supplementary files."
combined_public_facing_text,,required_boundary_presence,high,association_not_causality,pass,Required manuscript-facing boundary is present.,"Keep this boundary visible in manuscript, cover letter and supplementary files."
combined_public_facing_text,,required_boundary_presence,high,no_wet_lab_claim,pass,Required manuscript-facing boundary is present.,"Keep this boundary visible in manuscript, cover letter and supplementary files."
combined_public_facing_text,,required_boundary_presence,high,no_prognostic_validation,pass,Required manuscript-facing boundary is present.,"Keep this boundary visible in manuscript, cover letter and supplementary files."
combined_public_facing_text,,required_boundary_presence,high,no_ligand_receptor_causality,pass,Required manuscript-facing boundary is present.,"Keep this boundary visible in manuscript, cover letter and supplementary files."
